Split,WER
train,0.011474085832845963
validation,0.23176785032455136
test,0.6449948400412797
