Split,WER
train,0.013690070438536697
validation,0.23864070255822833
test,0.049160671462829736
