Split,WER
train,0.012522907758094075
validation,0.22451317296678122
test,0.5104408352668214
