Split,WER
train,0.012417429762141014
validation,0.24627720504009165
test,0.543980037429819
