Split,WER
train,0.012423384547728334
validation,0.23291332569683085
test,0.4645030425963489
