Split,WER
train,0.01240268456375839
validation,0.3246753246753247
test,0.4194088120468489
