Split,WER
train,0.018893129770992365
validation,0.13192612137203166
test,0.6929601357082273
