Split,WER
train,0.015707118967988532
validation,0.3588516746411483
test,0.9191176470588235
