Split,WER
train,0.014335696813945567
validation,0.24076488483268144
test,0.7871287128712872
