Split,WER
train,0.013491251988184504
validation,0.044964028776978415
test,0.25811378388697975
