Split,WER
train,0.012880091795754446
validation,0.23749522718594884
test,0.031746031746031744
