Split,WER
train,0.010695747915902061
validation,0.3003565062388592
test,0.9043478260869565
