Split,WER
train,0.009274243744553715
validation,0.30583058305830585
test,0.8050682261208577
