Split,WER
train,0.014514431333444131
validation,0.33102081268582756
test,0.40388479571332886
