Split,WER
train,0.01013471243274805
validation,0.2925257731958763
test,0.9331585845347313
