Split,WER
train,0.012623475135150435
validation,0.24742268041237114
test,0.4071197411003236
